Total Trades,Total Wins,Total Losses,Win Rate (%),Total Net PnL,Average Return per Trade,Average Win,Average Loss
160,60,100,37.5,-4.672900000000003,-0.02920562500000002,5.099016666666667,-3.9185555555555567
