total_trades,net_pnl,win_rate,expectancy,profit_factor,max_drawdown,sharpe,sortino
576,7325.795900324646,55.729166666666664,12.718395660285843,1.4188550006537486,-1242.6203642857145,5.9110318324558655,11.989263944612912
